Workbook

Sheet Read Me
A1: First 100 videos: production backlog
A2: Built 2026-10-22 from the open-textbook tables of contents (Hefferon, Trench, Lebl, OpenIntro, Grinstead & Snell, Downey) and the YouTube channel scan of 112 channels / 10,339 videos.
A4: Tabs
A5: Backlog: all 100 videos in suggested production order. Edit the Status and Publish date columns as you go; the counts on the Progress tab update automatically.
A6: Schedule: the same 100 videos laid out at 3 per week (34 weeks), with the phase each week belongs to.
A7: By Course: the backlog regrouped by course in textbook (playlist) order, so each playlist reads in prerequisite order.
A8: Progress: live counts by status, course and demand signal.
A10: Columns
A11: Code: LA = Linear Algebra, DE = Differential Equations, PS = Probability & Statistics, XC = cross-course format experiments. The number is the textbook/playlist order within the course.
A12: Source section: the textbook section that is the source of truth for definitions, notation and the worked example. Narration is written fresh from it.
A13: Format: Explainer (6-15 min single concept) / Anchor ("ALL of X in N minutes", made after the explainers exist) / 5 levels / History of an idea.
A14: Demand signal: see the two outlier columns; Low topics stay on the list because the course needs them as prerequisites.
... A22: Weeks 1-8 alternate Linear Algebra and Differential Equations in textbook order, so both playlists grow in prerequisite order. Week 9 records the Linear Algebra anchor from the first 12 LA explainers; week 13 the DE anchor. From week 13 the Statistics lane opens and alternates with the remaining LA/DE topics. Format experiments (5 levels, history) sit right after the topic they depend on.

Sheet Backlog
A1: Order | B1: Week | C1: Code | D1: Course | E1: Playlist # | F1: Source section (textbook) | G1: Working title | H1: Format | I1: Target length | J1: Prerequisites | K1: Demand signal | L1: Comparable videos | M1: Small-channel outliers (raw) | N1: Small-channel outliers (age-adj) | O1: Best evidence: video | P1: Evidence channel | Q1: Evidence subs | R1: Evidence views | S1: Views / subs | T1: Evidence age (yrs) | U1: Views / yr | V1: Views/yr / subs | W1: Evidence URL | X1: Status | Y1: Publish date | Z1: Notes | AA1: Pending rank (helper)
A2: 1 | B2: =ROUNDUP(A2/3,0) -> 1 | C2: LA-01 | D2: Linear Algebra | E2: 1 | F2: Hefferon, Linear Algebra §1.I.1 Gauss's Method | G2: What a system of linear equations really is (and why 3 pictures beat 3 formulas) | H2: Explainer | I2: 6-8 min | J2: None | K2: High | L2: 112 | M2: 18 | N2: 4 | O2: Gaussian elimination | Lecture 10 | Matrix Algebra for Engineers | P2: Jeffrey Chasnov | Q2: 102000 | R2: 489000 | S2: =IF(OR(Q2="",Q2=0,R2=""),"",R2/Q2) -> 4.7941176 | T2: 8 | U2: =IF(OR(T2="",R2=""),"",R2/T2) -> 61125 | V2: =IF(OR(Q2="",Q2=0,U2=""),"",U2/Q2) -> 0.59926471 | W2: https://youtu.be/RgnWMBpQPXk | X2: Planned | AA2: =IF(X2<>"Published",COUNTIF($X$2:X2,"<>Published"),"") -> 1
A3: 2 | B3: =ROUNDUP(A3/3,0) -> 1 | C3: DE-01 | D3: Differential Equations | E3: 1 | F3: Trench, Elementary Differential Equations §1.2 Basic Concepts | G3: What is a differential equation? (and why physics is written in them) | H3: Explainer | I3: 6-8 min | J3: Calculus 1 | K3: Medium | L3: 4 | M3: 1 | N3: 0 | O3: ODE | What is a differential equation? | P3: commutant | Q3: 43100 | R3: 318000 | S3: =IF(OR(Q3="",Q3=0,R3=""),"",R3/Q3) -> 7.3781903 | T3: 14 | U3: =IF(OR(T3="",R3=""),"",R3/T3) -> 22714.286 | V3: =IF(OR(Q3="",Q3=0,U3=""),"",U3/Q3) -> 0.52701359 | W3: https://youtu.be/HKvP2ESjJbA | X3: Planned | AA3: =IF(X3<>"Published",COUNTIF($X$2:X3,"<>Published"),"") -> 2
A4: 3 | B4: =ROUNDUP(A4/3,0) -> 1 | C4: LA-02 | D4: Linear Algebra | E4: 2 | F4: Hefferon, Linear Algebra §1.I.1 Gauss's Method | G4: Gaussian elimination: the algorithm, visualised row by row | H4: Explainer | I4: 8-10 min | J4: LA-01 | K4: Medium | L4: 29 | M4: 7 | N4: 1 | O4: Elementary Linear Algebra: Echelon Form of a Matrix, Part 1 | P4: James Hamblin | Q4: 41900 | R4: 312000 | S4: =IF(OR(Q4="",Q4=0,R4=""),"",R4/Q4) -> 7.4463007 | T4: 14 | U4: =IF(OR(T4="",R4=""),"",R4/T4) -> 22285.714 | V4: =IF(OR(Q4="",Q4=0,U4=""),"",U4/Q4) -> 0.53187862 | W4: https://youtu.be/wY4TAheBsj4 | X4: Planned | AA4: =IF(X4<>"Published",COUNTIF($X$2:X4,"<>Published"),"") -> 3
A5: 4 | B5: =ROUNDUP(A5/3,0) -> 2 | C5: DE-02 | D5: Differential Equations | E5: 2 | F5: Trench, Elementary Differential Equations §1.3 Direction Fields | G5: Slope fields: seeing every solution at once | H5: Explainer | I5: 8-10 min | J5: DE-01 | K5: Medium | L5: 6 | M5: 2 | N5: 0 | O5: ODE | Slope fields | P5: commutant | Q5: 43100 | R5: 64000 | S5: =IF(OR(Q5="",Q5=0,R5=""),"",R5/Q5) -> 1.4849188 | T5: 14 | U5: =IF(OR(T5="",R5=""),"",R5/T5) -> 4571.4286 | V5: =IF(OR(Q5="",Q5=0,U5=""),"",U5/Q5) -> 0.10606563 | W5: https://youtu.be/MI2xCwBekX4 | X5: Planned | AA5: =IF(X5<>"Published",COUNTIF($X$2:X5,"<>Published"),"") -> 4
A6: 5 | B6: =ROUNDUP(A6/3,0) -> 2 | C6: LA-03 | D6: Linear Algebra | E6: 3 | F6: Hefferon, Linear Algebra §1.III Reduced Echelon Form | G6: Row echelon form explained: what the zeros are telling you | H6: Explainer | I6: 6-8 min | J6: LA-02 | K6: Medium | L6: 14 | M6: 4 | N6: 0 | O6: Elementary Linear Algebra: Echelon Form of a Matrix, Part 1 | P6: James Hamblin | Q6: 41900 | R6: 312000 | S6: =IF(OR(Q6="",Q6=0,R6=""),"",R6/Q6) -> 7.4463007 | T6: 14 | U6: =IF(OR(T6="",R6=""),"",R6/T6) -> 22285.714 | V6: =IF(OR(Q6="",Q6=0,U6=""),"",U6/Q6) -> 0.53187862 | W6: https://youtu.be/wY4TAheBsj4 | X6: Planned | AA6: =IF(X6<>"Published",COUNTIF($X$2:X6,"<>Published"),"") -> 5
A7: 6 | B7: =ROUNDUP(A7/3,0) -> 2 | C7: DE-03 | D7: Differential Equations | E7: 3 | F7: Trench, Elementary Differential Equations §2.2 Separable Equations | G7: Separable equations: the first trick everyone learns, explained properly | H7: Explainer | I7: 8-10 min | J7: DE-01 | K7: Low | L7: 3 | M7: 0 | N7: 0 | O7: Differential Equations: Non-linear first order separable equations | P7: MathMeUp | Q7: 1750 | R7: 678 | S7: =IF(OR(Q7="",Q7=0,R7=""),"",R7/Q7) -> 0.38742857 | T7: 6 | U7: =IF(OR(T7="",R7=""),"",R7/T7) -> 113 | V7: =IF(OR(Q7="",Q7=0,U7=""),"",U7/Q7) -> 0.064571429 | W7: https://youtu.be/CK_U4OrXiXI | X7: Planned | AA7: =IF(X7<>"Published",COUNTIF($X$2:X7,"<>Published"),"") -> 6
A8: 7 | B8: =ROUNDUP(A8/3,0) -> 3 | C8: LA-04 | D8: Linear Algebra | E8: 4 | F8: Hefferon, Linear Algebra §1.I.3 General = Particular + Homogeneous | G8: Why solution sets are lines, planes and points (particular + homogeneous) | H8: Explainer | I8: 6-8 min | J8: LA-03 | K8: Low | L8: 16 | M8: 0 | N8: 0 | O8: Linear Algebra - Lecture 28 - Null Space of a Matrix | P8: James Hamblin | Q8: 41900 | R8: 30000 | S8: =IF(OR(Q8="",Q8=0,R8=""),"",R8/Q8) -> 0.71599045 | T8: 5 | U8: =IF(OR(T8="",R8=""),"",R8/T8) -> 6000 | V8: =IF(OR(Q8="",Q8=0,U8=""),"",U8/Q8) -> 0.14319809 | W8: https://youtu.be/1b857qTFTgw | X8: Planned | AA8: =IF(X8<>"Published",COUNTIF($X$2:X8,"<>Published"),"") -> 7
A9: 8 | B9: =ROUNDUP(A9/3,0) -> 3 | C9: DE-04 | D9: Differential Equations | E9: 4 | F9: Trench, Elementary Differential Equations §2.1 Linear First Order | G9: Integrating factors: where that mysterious e^∫p comes from | H9: Explainer | I9: 8-10 min | J9: DE-03 | K9: Medium | L9: 16 | M9: 1 | N9: 0 | O9: ODE | Integrating factors general method | P9: commutant | Q9: 43100 | R9: 48000 | S9: =IF(OR(Q9="",Q9=0,R9=""),"",R9/Q9) -> 1.1136891 | T9: 14 | U9: =IF(OR(T9="",R9=""),"",R9/T9) -> 3428.5714 | V9: =IF(OR(Q9="",Q9=0,U9=""),"",U9/Q9) -> 0.079549221 | W9: https://youtu.be/GIpOcHNK7eQ | X9: Planned | AA9: =IF(X9<>"Published",COUNTIF($X$2:X9,"<>Published"),"") -> 8
A10: 9 | B10: =ROUNDUP(A10/3,0) -> 3 | C10: LA-05 | D10: Linear Algebra | E10: 5 | F10: Hefferon, Linear Algebra §1.II Linear Geometry of n-Space | G10: Vectors are not arrows: three ways to think about a vector | H10: Explainer | I10: 6-8 min | J10: None | K10: Low | L10: 6 | M10: 0 | N10: 0 | O10: Vector Calculus 1: What Is a Vector? | P10: MathTheBeautiful | Q10: 98800 | R10: 26000 | S10: =IF(OR(Q10="",Q10=0,R10=""),"",R10/Q10) -> 0.26315789 | T10: 8 | U10: =IF(OR(T10="",R10=""),"",R10/T10) -> 3250 | V10: =IF(OR(Q10="",Q10=0,U10=""),"",U10/Q10) -> 0.032894737 | W10: https://youtu.be/Zx6bizDdkRE | X10: Planned | AA10: =IF(X10<>"Published",COUNTIF($X$2:X10,"<>Published"),"") -> 9
A11: 10 | B11: =ROUNDUP(A11/3,0) -> 4 | C11: DE-05 | D11: Differential Equations | E11: 5 | F11: Trench, Elementary Differential Equations §2.3 Existence and Uniqueness | G11: Existence and uniqueness, intuitively: when does a DE have one answer? | H11: Explainer | I11: 8-10 min | J11: DE-02 | K11: Medium | L11: 11 | M11: 3 | N11: 0 | O11: ODE | Existence and uniqueness idea | P11: commutant | Q11: 43100 | R11: 370000 | S11: =IF(OR(Q11="",Q11=0,R11=""),"",R11/Q11) -> 8.5846868 | T11: 14 | U11: =IF(OR(T11="",R11=""),"",R11/T11) -> 26428.571 | V11: =IF(OR(Q11="",Q11=0,U11=""),"",U11/Q11) -> 0.61319191 | W11: https://youtu.be/53BPf9JrFcU | X11: Planned | AA11: =IF(X11<>"Published",COUNTIF($X$2:X11,"<>Published"),"") -> 10
A12: 11 | B12: =ROUNDUP(A12/3,0) -> 4 | C12: LA-06 | D12: Linear Algebra | E12: 6 | F12: Hefferon, Linear Algebra §1.II.2 Length and Angle Measures | G12: The dot product explained visually (projection, angle, work) | H12: Explainer | I12: 8-10 min | J12: LA-05 | K12: Medium | L12: 32 | M12: 1 | N12: 0 | O12: Introducing the Inner Product - A Fundamental Concept in Linear Algebra | P12: MathTheBeautiful | Q12: 98800 | R12: 175000 | S12: =IF(OR(Q12="",Q12=0,R12=""),"",R12/Q12) -> 1.7712551 | T12: 9 | U12: =IF(OR(T12="",R12=""),"",R12/T12) -> 19444.444 | V12: =IF(OR(Q12="",Q12=0,U12=""),"",U12/Q12) -> 0.19680612 | W12: https://youtu.be/Ww_aQqWZhz8 | X12: Planned | AA12: =IF(X12<>"Published",COUNTIF($X$2:X12,"<>Published"),"") -> 11
A13: 12 | B13: =ROUNDUP(A13/3,0) -> 4 | C13: DE-06 | D13: Differential Equations | E13: 6 | F13: Trench, Elementary Differential Equations §2.5 Exact Equations | G13: Exact equations and the hidden potential function | H13: Explainer | I13: 8-10 min | J13: DE-04 | K13: Low | L13: 2 | M13: 0 | N13: 0 | O13: Exact Differential Equations | P13: MathMeUp | Q13: 1750 | R13: 159 | S13: =IF(OR(Q13="",Q13=0,R13=""),"",R13/Q13) -> 0.090857143 | T13: 6 | U13: =IF(OR(T13="",R13=""),"",R13/T13) -> 26.5 | V13: =IF(OR(Q13="",Q13=0,U13=""),"",U13/Q13) -> 0.015142857 | W13: https://youtu.be/Ii_MCo6RodA | X13: Planned | AA13: =IF(X13<>"Published",COUNTIF($X$2:X13,"<>Published"),"") -> 12
... A31: 30 | B31: =ROUNDUP(A31/3,0) -> 10 | C31: LA-15 | D31: Linear Algebra | E31: 15 | F31: Hefferon, Linear Algebra §4.III Laplace's Formula | G31: Cofactor expansion without tears: where the formula comes from | H31: Explainer | I31: 8-10 min | J31: LA-14 | K31: Low | L31: 1 | M31: 0 | N31: 0 | O31: Determinant, Inverse, Minor, Cofactor of any 2x2 or 3x3 Matrix | P31: Brain Station Advanced | Q31: 483000 | R31: 36000 | S31: =IF(OR(Q31="",Q31=0,R31=""),"",R31/Q31) -> 0.074534161 | T31: 1 | U31: =IF(OR(T31="",R31=""),"",R31/T31) -> 36000 | V31: =IF(OR(Q31="",Q31=0,U31=""),"",U31/Q31) -> 0.074534161 | W31: https://youtu.be/7R-AIrWfeH8 | X31: Planned | AA31: =IF(X31<>"Published",COUNTIF($X$2:X31,"<>Published"),"") -> 30
A32: 31 | B32: =ROUNDUP(A32/3,0) -> 11 | C32: DE-15 | D32: Differential Equations | E32: 15 | F32: Trench, Elementary Differential Equations §6.1 Forced Oscillation | G32: Resonance: why bridges and wine glasses break | H32: Explainer | I32: 8-10 min | J32: DE-13 | K32: Low | L32: 0 | M32: 0 | N32: 0 | S32: =IF(OR(Q32="",Q32=0,R32=""),"",R32/Q32) | U32: =IF(OR(T32="",R32=""),"",R32/T32) | V32: =IF(OR(Q32="",Q32=0,U32=""),"",U32/Q32) | X32: Planned | AA32: =IF(X32<>"Published",COUNTIF($X$2:X32,"<>Published"),"") -> 31
A33: 32 | B33: =ROUNDUP(A33/3,0) -> 11 | C33: LA-16 | D33: Linear Algebra | E33: 16 | F33: Hefferon, Linear Algebra §3.V Change of Basis | G33: Change of basis: the same vector in two languages | H33: Explainer | I33: 10-12 min | J33: LA-11 | K33: Low | L33: 6 | M33: 0 | N33: 0 | O33: Linear Algebra - Lecture 31 - Coordinate Systems | P33: James Hamblin | Q33: 41900 | R33: 34000 | S33: =IF(OR(Q33="",Q33=0,R33=""),"",R33/Q33) -> 0.81145585 | T33: 5 | U33: =IF(OR(T33="",R33=""),"",R33/T33) -> 6800 | V33: =IF(OR(Q33="",Q33=0,U33=""),"",U33/Q33) -> 0.16229117 | W33: https://youtu.be/sYkojeGZ_vE | X33: Planned | AA33: =IF(X33<>"Published",COUNTIF($X$2:X33,"<>Published"),"") -> 32
A34: 33 | B34: =ROUNDUP(A34/3,0) -> 11 | C34: DE-16 | D34: Differential Equations | E34: 16 | F34: Trench, Elementary Differential Equations §5.7 Variation of Parameters | G34: Variation of parameters, demystified | H34: Explainer | I34: 8-10 min | J34: DE-14 | K34: Low | L34: 8 | M34: 0 | N34: 0 | O34: 9: Variation of Parameters - Dissecting Differential Equations | P34: Mu Prime Math | Q34: 52900 | R34: 5700 | S34: =IF(OR(Q34="",Q34=0,R34=""),"",R34/Q34) -> 0.10775047 | T34: 6 | U34: =IF(OR(T34="",R34=""),"",R34/T34) -> 950 | V34: =IF(OR(Q34="",Q34=0,U34=""),"",U34/Q34) -> 0.017958412 | W34: https://youtu.be/PMldTftChtQ | X34: Planned | AA34: =IF(X34<>"Published",COUNTIF($X$2:X34,"<>Published"),"") -> 33
A35: 34 | B35: =ROUNDUP(A35/3,0) -> 12 | C35: LA-17 | D35: Linear Algebra | E35: 17 | F35: Hefferon, Linear Algebra §3.VI.1 Orthogonal Projection | G35: Orthogonal projection: the closest point and why it matters | H35: Explainer | I35: 8-10 min | J35: LA-06 | K35: High | L35: 23 | M35: 4 | N35: 1 | O35: How Do Computers Display 3D on a 2D Screen? (Perspective Projection) | P35: Carl the Person | Q35: 3040 | R35: 58000 | S35: =IF(OR(Q35="",Q35=0,R35=""),"",R35/Q35) -> 19.078947 | T35: 4 | U35: =IF(OR(T35="",R35=""),"",R35/T35) -> 14500 | V35: =IF(OR(Q35="",Q35=0,U35=""),"",U35/Q35) -> 4.7697368 | W35: https://youtu.be/eoXn6nwV694 | X35: Planned | AA35: =IF(X35<>"Published",COUNTIF($X$2:X35,"<>Published"),"") -> 34
A36: 35 | B36: =ROUNDUP(A36/3,0) -> 12 | C36: DE-17 | D36: Differential Equations | E36: 17 | F36: Trench, Elementary Differential Equations §8.1 Introduction to Laplace Transform | G36: The Laplace transform, visually: what it does to a function | H36: Explainer | I36: 10-12 min | J36: DE-12 | K36: High | L36: 79 | M36: 11 | N36: 1 | O36: Laplace Transform Explained Visually — Why Does Differentiation Become Multiplication? | P36: Mathspark8 | Q36: 7140 | R36: 58000 | S36: =IF(OR(Q36="",Q36=0,R36=""),"",R36/Q36) -> 8.1232493 | T36: 0.25 | U36: =IF(OR(T36="",R36=""),"",R36/T36) -> 232000 | V36: =IF(OR(Q36="",Q36=0,U36=""),"",U36/Q36) -> 32.492997 | W36: https://youtu.be/diOh7onaIjA | X36: Planned | AA36: =IF(X36<>"Published",COUNTIF($X$2:X36,"<>Published"),"") -> 35
A37: 36 | B37: =ROUNDUP(A37/3,0) -> 12 | C37: LA-18 | D37: Linear Algebra | E37: 18 | F37: Hefferon, Linear Algebra §3.VI.2 Gram-Schmidt | G37: Gram-Schmidt in 3D: building an orthonormal basis step by step | H37: Explainer | I37: 8-10 min | J37: LA-17 | K37: High | L37: 29 | M37: 6 | N37: 3 | O37: Gram-Schmidt Process in Space (Step-by-Step 3D Visual) | P37: The Bold Math | Q37: 298 | R37: 55000 | S37: =IF(OR(Q37="",Q37=0,R37=""),"",R37/Q37) -> 184.56376 | T37: 17 | U37: =IF(OR(T37="",R37=""),"",R37/T37) -> 3235.2941 | V37: =IF(OR(Q37="",Q37=0,U37=""),"",U37/Q37) -> 10.856692 | W37: https://youtu.be/pIy8xqh9sWs | X37: Planned | AA37: =IF(X37<>"Published",COUNTIF($X$2:X37,"<>Published"),"") -> 36
A38: 37 | B38: =ROUNDUP(A38/3,0) -> 13 | C38: DE-18 | D38: Differential Equations | E38: 18 | F38: Trench, Elementary Differential Equations §8.3 Solution of IVPs | G38: Solving differential equations with Laplace: turning calculus into algebra | H38: Explainer | I38: 10-12 min | J38: DE-17 | K38: Medium | L38: 9 | M38: 0 | N38: 0 | O38: Inverse Laplace Transform Explained Visually — Master Partial Fractions & Every Step! | P38: Mathspark8 | Q38: 7140 | R38: 6200 | S38: =IF(OR(Q38="",Q38=0,R38=""),"",R38/Q38) -> 0.86834734 | T38: 0.25 | U38: =IF(OR(T38="",R38=""),"",R38/T38) -> 24800 | V38: =IF(OR(Q38="",Q38=0,U38=""),"",U38/Q38) -> 3.4733894 | W38: https://youtu.be/it4qnGcXals | X38: Planned | AA38: =IF(X38<>"Published",COUNTIF($X$2:X38,"<>Published"),"") -> 37
A39: 38 | B39: =ROUNDUP(A39/3,0) -> 13 | C39: DE-30 | D39: Differential Equations | E39: 30 | F39: Trench (whole book) | G39: ALL of Differential Equations in 10 minutes | H39: Anchor (ALL of…) | I39: 10 min | J39: DE-01…DE-29 | K39: Low | L39: 1 | M39: 0 | N39: 0 | O39: ALL of differential equations in 11 minutes. | P39: KoothBrush | Q39: 11700 | R39: 699 | S39: =IF(OR(Q39="",Q39=0,R39=""),"",R39/Q39) -> 0.05974359 | T39: 0.25 | U39: =IF(OR(T39="",R39=""),"",R39/T39) -> 2796 | V39: =IF(OR(Q39="",Q39=0,U39=""),"",U39/Q39) -> 0.23897436 | W39: https://youtu.be/P1s16tvCLTw | X39: Planned | AA39: =IF(X39<>"Published",COUNTIF($X$2:X39,"<>Published"),"") -> 38
A40: 39 | B40: =ROUNDUP(A40/3,0) -> 13 | C40: PS-01 | D40: Probability & Statistics | E40: 1 | F40: Grinstead & Snell, Intro to Probability §1.2 Discrete Probability | G40: What probability actually is: three interpretations, one set of rules | H40: Explainer | I40: 8-10 min | J40: None | K40: Low | L40: 2 | M40: 0 | N40: 0 | O40: What is probability? Statistics? ML? AI? | P40: Meerkat Statistics | Q40: 12100 | R40: 563 | S40: =IF(OR(Q40="",Q40=0,R40=""),"",R40/Q40) -> 0.046528926 | T40: 4 | U40: =IF(OR(T40="",R40=""),"",R40/T40) -> 140.75 | V40: =IF(OR(Q40="",Q40=0,U40=""),"",U40/Q40) -> 0.011632231 | W40: https://youtu.be/EIrsmnodNOM | X40: Planned | AA40: =IF(X40<>"Published",COUNTIF($X$2:X40,"<>Published"),"") -> 39
A41: 40 | B41: =ROUNDUP(A41/3,0) -> 14 | C41: LA-19 | D41: Linear Algebra | E41: 19 | F41: Hefferon, Linear Algebra Topic: Line of Best Fit | G41: Least squares explained visually: regression is projection | H41: Explainer | I41: 10-12 min | J41: LA-17 | K41: Medium | L41: 32 | M41: 7 | N41: 1 | O41: GLM Intro - 2 - Least Squares vs. Maximum Likelihood | P41: Meerkat Statistics | Q41: 12100 | R41: 79000 | S41: =IF(OR(Q41="",Q41=0,R41=""),"",R41/Q41) -> 6.5289256 | T41: 6 | U41: =IF(OR(T41="",R41=""),"",R41/T41) -> 13166.667 | V41: =IF(OR(Q41="",Q41=0,U41=""),"",U41/Q41) -> 1.0881543 | W41: https://youtu.be/UdADuHJUX6Q | X41: Planned | AA41: =IF(X41<>"Published",COUNTIF($X$2:X41,"<>Published"),"") -> 40
A42: 41 | B42: =ROUNDUP(A42/3,0) -> 14 | C42: PS-02 | D42: Probability & Statistics | E42: 2 | F42: Grinstead & Snell, Intro to Probability §4.1 Conditional Probability | G42: Conditional probability: why your intuition fails (and how to fix it) | H42: Explainer | I42: 8-10 min | J42: PS-01 | K42: Medium | L42: 14 | M42: 1 | N42: 1 | O42: All Of Conditional Probability in 30 Minutes | P42: Simple Quant | Q42: 9100 | R42: 30000 | S42: =IF(OR(Q42="",Q42=0,R42=""),"",R42/Q42) -> 3.2967033 | T42: 1 | U42: =IF(OR(T42="",R42=""),"",R42/T42) -> 30000 | V42: =IF(OR(Q42="",Q42=0,U42=""),"",U42/Q42) -> 3.2967033 | W42: https://youtu.be/dnGJoOHfDBo | X42: Planned | AA42: =IF(X42<>"Published",COUNTIF($X$2:X42,"<>Published"),"") -> 41
A43: 42 | B43: =ROUNDUP(A43/3,0) -> 14 | C43: DE-19 | D43: Differential Equations | E43: 19 | F43: Trench, Elementary Differential Equations §8.4-8.5 Unit Step Functions | G43: Step functions and switches: Laplace for piecewise forcing | H43: Explainer | I43: 8-10 min | J43: DE-18 | K43: Low | L43: 5 | M43: 0 | N43: 0 | O43: Intuition: How does the Heaviside Activation Function work? | P43: IntuitiveML | Q43: 7800 | R43: 1300 | S43: =IF(OR(Q43="",Q43=0,R43=""),"",R43/Q43) -> 0.16666667 | T43: 6 | U43: =IF(OR(T43="",R43=""),"",R43/T43) -> 216.66667 | V43: =IF(OR(Q43="",Q43=0,U43=""),"",U43/Q43) -> 0.027777778 | W43: https://youtu.be/T0Xn-92j2EU | X43: Planned | AA43: =IF(X43<>"Published",COUNTIF($X$2:X43,"<>Published"),"") -> 42
A44: 43 | B44: =ROUNDUP(A44/3,0) -> 15 | C44: PS-03 | D44: Probability & Statistics | E44: 3 | F44: Grinstead & Snell, Intro to Probability §4.1 Bayes' Formula | G44: Bayes' theorem, visually: updating beliefs with evidence | H44: Explainer | I44: 10-12 min | J44: PS-02 | K44: Medium | L44: 70 | M44: 5 | N44: 2 | O44: The better way to do statistics | Bayesian #1 | P44: Very Normal | Q44: 132000 | R44: 434000 | S44: =IF(OR(Q44="",Q44=0,R44=""),"",R44/Q44) -> 3.2878788 | T44: 2 | U44: =IF(OR(T44="",R44=""),"",R44/T44) -> 217000 | V44: =IF(OR(Q44="",Q44=0,U44=""),"",U44/Q44) -> 1.6439394 | W44: https://youtu.be/3jP4H0kjtng | X44: Planned | AA44: =IF(X44<>"Published",COUNTIF($X$2:X44,"<>Published"),"") -> 43
... A101: 100 | B101: =ROUNDUP(A101/3,0) -> 34 | C101: PS-31 | D101: Probability & Statistics | E101: 31 | F101: OpenIntro + Grinstead & Snell (whole) | G101: ALL of Probability & Statistics in 10 minutes | H101: Anchor (ALL of…) | I101: 10 min | J101: PS-01…PS-30 | K101: Medium | L101: 4 | M101: 1 | N101: 0 | O101: The Map of Statistics (all of Statistics in 15 mins!) | P101: Meerkat Statistics | Q101: 12100 | R101: 31000 | S101: =IF(OR(Q101="",Q101=0,R101=""),"",R101/Q101) -> 2.5619835 | T101: 4 | U101: =IF(OR(T101="",R101=""),"",R101/T101) -> 7750 | V101: =IF(OR(Q101="",Q101=0,U101=""),"",U101/Q101) -> 0.64049587 | W101: https://youtu.be/Xy4CLCpqUB4 | X101: Planned | AA101: =IF(X101<>"Published",COUNTIF($X$2:X101,"<>Published"),"") -> 100
A103: Yellow cells (Status, Publish date) are yours to edit. Week = Order / 3 rounded up (3 videos a week). Views / subs is a live formula.

Sheet Schedule
A1: Week | B1: Phase | C1: Video 1 | D1: Video 2 | E1: Video 3
A2: 1 | B2: Phase 1: LA + DE explainers | C2: LA-01 What a system of linear equations really is (and why 3 pictures beat 3 formulas) | D2: DE-01 What is a differential equation? (and why physics is written in them) | E2: LA-02 Gaussian elimination: the algorithm, visualised row by row
A3: 2 | B3: Phase 1: LA + DE explainers | C3: DE-02 Slope fields: seeing every solution at once | D3: LA-03 Row echelon form explained: what the zeros are telling you | E3: DE-03 Separable equations: the first trick everyone learns, explained properly
A4: 3 | B4: Phase 1: LA + DE explainers | C4: LA-04 Why solution sets are lines, planes and points (particular + homogeneous) | D4: DE-04 Integrating factors: where that mysterious e^∫p comes from | E4: LA-05 Vectors are not arrows: three ways to think about a vector
A5: 4 | B5: Phase 1: LA + DE explainers | C5: DE-05 Existence and uniqueness, intuitively: when does a DE have one answer? | D5: LA-06 The dot product explained visually (projection, angle, work) | E5: DE-06 Exact equations and the hidden potential function
A6: 5 | B6: Phase 1: LA + DE explainers | C6: LA-07 What a matrix really does: matrices as transformations | D6: DE-07 Exponential growth and decay: the DE behind every population curve | E6: LA-08 Why matrix multiplication is defined like that
A7: 6 | B7: Phase 1: LA + DE explainers | C7: DE-08 Newton's law of cooling and the mixing-tank problem, animated | D7: LA-09 Span: everywhere your vectors can reach | E7: DE-09 The phase line: stability without solving anything
A8: 7 | B8: Phase 1: LA + DE explainers | C8: LA-10 Linear independence: when is a vector redundant? | D8: DE-10 Euler's method to Runge-Kutta: how computers solve DEs | E8: LA-11 Basis and dimension: choosing your coordinate system
A9: 8 | B9: Phase 1: LA + DE explainers | C9: DE-11 Second-order linear DEs: why solutions form a 2D space | D9: LA-12 Rank and nullity: what a matrix destroys and what it keeps | E9: DE-12 The characteristic equation: three cases, three pictures
A10: 9 | B10: Phase 1: LA anchor + explainers | C10: LA-36 ALL of Linear Algebra in 8 minutes | D10: LA-13 The inverse matrix: undoing a transformation (and when you can't) | E10: DE-13 The mass on a spring: damping, visualised
A11: 10 | B11: Phase 2: LA + DE explainers | C11: LA-14 Why is the determinant like that? (area, volume and sign) | D11: DE-14 Forcing terms and undetermined coefficients: guessing with a method | E11: LA-15 Cofactor expansion without tears: where the formula comes from
A12: 11 | B12: Phase 2: LA + DE explainers | C12: DE-15 Resonance: why bridges and wine glasses break | D12: LA-16 Change of basis: the same vector in two languages | E12: DE-16 Variation of parameters, demystified
A13: 12 | B13: Phase 2: LA + DE explainers | C13: LA-17 Orthogonal projection: the closest point and why it matters | D13: DE-17 The Laplace transform, visually: what it does to a function | E13: LA-18 Gram-Schmidt in 3D: building an orthonormal basis step by step
... A34: 33 | B34: Phase 3: Stats + remaining LA/DE | C34: LA-35 Orthogonal matrices: transformations that preserve length | D34: PS-29 Maximum likelihood estimation: the intuition behind fitting | E34: PS-30 Logistic regression: how to predict a yes/no
A35: 34 | B35: Phase 3: Stats anchor | C35: PS-31 ALL of Probability & Statistics in 10 minutes

Sheet By Course
A1: Course | B1: Playlist # | C1: Code | D1: Working title | E1: Source section | F1: Format | G1: Length | H1: Prerequisites | I1: Demand signal | J1: Production order
A2: Linear Algebra | B2: 1 | C2: LA-01 | D2: What a system of linear equations really is (and why 3 pictures beat 3 formulas) | E2: Hefferon, Linear Algebra §1.I.1 Gauss's Method | F2: Explainer | G2: 6-8 min | H2: None | I2: High | J2: 1
A3: Linear Algebra | B3: 2 | C3: LA-02 | D3: Gaussian elimination: the algorithm, visualised row by row | E3: Hefferon, Linear Algebra §1.I.1 Gauss's Method | F3: Explainer | G3: 8-10 min | H3: LA-01 | I3: Medium | J3: 3
A4: Linear Algebra | B4: 3 | C4: LA-03 | D4: Row echelon form explained: what the zeros are telling you | E4: Hefferon, Linear Algebra §1.III Reduced Echelon Form | F4: Explainer | G4: 6-8 min | H4: LA-02 | I4: Medium | J4: 5
A5: Linear Algebra | B5: 4 | C5: LA-04 | D5: Why solution sets are lines, planes and points (particular + homogeneous) | E5: Hefferon, Linear Algebra §1.I.3 General = Particular + Homogeneous | F5: Explainer | G5: 6-8 min | H5: LA-03 | I5: Low | J5: 7
A6: Linear Algebra | B6: 5 | C6: LA-05 | D6: Vectors are not arrows: three ways to think about a vector | E6: Hefferon, Linear Algebra §1.II Linear Geometry of n-Space | F6: Explainer | G6: 6-8 min | H6: None | I6: Low | J6: 9
A7: Linear Algebra | B7: 6 | C7: LA-06 | D7: The dot product explained visually (projection, angle, work) | E7: Hefferon, Linear Algebra §1.II.2 Length and Angle Measures | F7: Explainer | G7: 8-10 min | H7: LA-05 | I7: Medium | J7: 11
A8: Linear Algebra | B8: 7 | C8: LA-07 | D8: What a matrix really does: matrices as transformations | E8: Hefferon, Linear Algebra §3.IV.2 Matrix Multiplication | F8: Explainer | G8: 8-10 min | H8: LA-05 | I8: High | J8: 13
A9: Linear Algebra | B9: 8 | C9: LA-08 | D9: Why matrix multiplication is defined like that | E9: Hefferon, Linear Algebra §3.IV.2 Matrix Multiplication | F9: Explainer | G9: 8-10 min | H9: LA-07 | I9: Low | J9: 15
A10: Linear Algebra | B10: 9 | C10: LA-09 | D10: Span: everywhere your vectors can reach | E10: Hefferon, Linear Algebra §2.I.2 Subspaces and Spanning Sets | F10: Explainer | G10: 6-8 min | H10: LA-05 | I10: Medium | J10: 17
A11: Linear Algebra | B11: 10 | C11: LA-10 | D11: Linear independence: when is a vector redundant? | E11: Hefferon, Linear Algebra §2.II Linear Independence | F11: Explainer | G11: 6-8 min | H11: LA-09 | I11: Medium | J11: 19
A12: Linear Algebra | B12: 11 | C12: LA-11 | D12: Basis and dimension: choosing your coordinate system | E12: Hefferon, Linear Algebra §2.III Basis and Dimension | F12: Explainer | G12: 8-10 min | H12: LA-10 | I12: Medium | J12: 21
A13: Linear Algebra | B13: 12 | C13: LA-12 | D13: Rank and nullity: what a matrix destroys and what it keeps | E13: Hefferon, Linear Algebra §3.II Homomorphisms (rank, nullity) | F13: Explainer | G13: 8-10 min | H13: LA-11 | I13: Medium | J13: 23
... A101: Cross-course | B101: 3 | C101: XC-03 | D101: How Bayes' theorem was lost, found and started a 200-year argument | E101: History-of-an-idea format | F101: History of an idea | G101: 15-20 min | H101: PS-03 | I101: Medium | J101: 44

Sheet Progress
A1: Progress
A3: By status | D3: By course | E3: Videos | F3: Published | H3: By demand signal | I3: Videos
A4: Planned | B4: =COUNTIF(Backlog!$X$2:$X$101,A4) -> 100 | D4: Linear Algebra | E4: =COUNTIF(Backlog!$D$2:$D$101,D4) -> 36 | F4: =COUNTIFS(Backlog!$D$2:$D$101,D4,Backlog!$X$2:$X$101,"Published") -> 0 | H4: High | I4: =COUNTIF(Backlog!$K$2:$K$101,H4) -> 29
A5: Scripted | B5: =COUNTIF(Backlog!$X$2:$X$101,A5) -> 0 | D5: Differential Equations | E5: =COUNTIF(Backlog!$D$2:$D$101,D5) -> 30 | F5: =COUNTIFS(Backlog!$D$2:$D$101,D5,Backlog!$X$2:$X$101,"Published") -> 0 | H5: Medium | I5: =COUNTIF(Backlog!$K$2:$K$101,H5) -> 49
A6: Audio done | B6: =COUNTIF(Backlog!$X$2:$X$101,A6) -> 0 | D6: Probability & Statistics | E6: =COUNTIF(Backlog!$D$2:$D$101,D6) -> 31 | F6: =COUNTIFS(Backlog!$D$2:$D$101,D6,Backlog!$X$2:$X$101,"Published") -> 0 | H6: Low | I6: =COUNTIF(Backlog!$K$2:$K$101,H6) -> 22
A7: Rendered | B7: =COUNTIF(Backlog!$X$2:$X$101,A7) -> 0 | D7: Cross-course | E7: =COUNTIF(Backlog!$D$2:$D$101,D7) -> 3 | F7: =COUNTIFS(Backlog!$D$2:$D$101,D7,Backlog!$X$2:$X$101,"Published") -> 0
A8: Published | B8: =COUNTIF(Backlog!$X$2:$X$101,A8) -> 0
A9: Total | B9: =SUM(B4:B8) -> 100
A12: Next up (first 5 not yet published)
A13: =IFERROR(INDEX(Backlog!$C$2:$C$101,MATCH(1,Backlog!$AA$2:$AA$101,0)),"") -> LA-01 | B13: =IFERROR(INDEX(Backlog!$G$2:$G$101,MATCH(1,Backlog!$AA$2:$AA$101,0)),"") -> What a system of linear equations really is (and why 3 pictures beat 3 formulas)
A14: =IFERROR(INDEX(Backlog!$C$2:$C$101,MATCH(2,Backlog!$AA$2:$AA$101,0)),"") -> DE-01 | B14: =IFERROR(INDEX(Backlog!$G$2:$G$101,MATCH(2,Backlog!$AA$2:$AA$101,0)),"") -> What is a differential equation? (and why physics is written in them)
A15: =IFERROR(INDEX(Backlog!$C$2:$C$101,MATCH(3,Backlog!$AA$2:$AA$101,0)),"") -> LA-02 | B15: =IFERROR(INDEX(Backlog!$G$2:$G$101,MATCH(3,Backlog!$AA$2:$AA$101,0)),"") -> Gaussian elimination: the algorithm, visualised row by row
A16: =IFERROR(INDEX(Backlog!$C$2:$C$101,MATCH(4,Backlog!$AA$2:$AA$101,0)),"") -> DE-02 | B16: =IFERROR(INDEX(Backlog!$G$2:$G$101,MATCH(4,Backlog!$AA$2:$AA$101,0)),"") -> Slope fields: seeing every solution at once
A17: =IFERROR(INDEX(Backlog!$C$2:$C$101,MATCH(5,Backlog!$AA$2:$AA$101,0)),"") -> LA-03 | B17: =IFERROR(INDEX(Backlog!$G$2:$G$101,MATCH(5,Backlog!$AA$2:$AA$101,0)),"") -> Row echelon form explained: what the zeros are telling you
